male,25,70,80,40,,170,sedentary
male,25,70,80,40,,170,sedentary
female,30,60,70,35,90.000000,160,active
male,35,80,90,45,,180,moderate
female,40,65,75,38,95.000000,165,active
male,43,34,32,34,,34,moderate
male,45,563,43,435,,54,active
female,23,23,3,23,34.000000,122,sedentary
female,23,60,68.58,30.48,91.440000,165,sedentary
